{
  "datasets": {
    "Ai": {
      "encounter_count": {
        "quantiles": [
          0.5,
          0.75,
          0.9,
          0.95,
          0.99,
          0.995,
          1.0
        ],
        "bin_edges": [
          5.0,
          36.0,
          57.0,
          91.0,
          156.0,
          570.0,
          638.0,
          951.0
        ],
        "bin_counts": {
          "5-36": 50392,
          "36-57": 24816,
          "57-91": 14807,
          "91-156": 5004,
          "156-570": 3983,
          "570-638": 504,
          "638-951": 494
        }
      },
      "num_procedures": {
        "quantiles": [
          0.5,
          0.75,
          0.9,
          0.95,
          0.99,
          0.995,
          1.0
        ],
        "bin_edges": [
          1.0,
          116.0,
          173.0,
          274.0,
          582.0,
          1216.0099999999948,
          1424.0050000000047,
          2120.0
        ],
        "bin_counts": {
          "1-116": 50356,
          "116-173": 24689,
          "173-274": 14995,
          "274-582": 4962,
          "582-1216": 3998,
          "1216-1424": 500,
          "1424-2120": 500
        }
      },
      "num_medications": {
        "quantiles": [
          0.5,
          0.75,
          0.9,
          0.95,
          0.99,
          0.995,
          1.0
        ],
        "bin_edges": [
          0.0,
          12.0,
          35.0,
          81.0,
          273.0,
          735.0,
          898.0100000000093,
          2996.0
        ],
        "bin_counts": {
          "0-12": 50984,
          "12-35": 24251,
          "35-81": 14812,
          "81-273": 4957,
          "273-735": 3998,
          "735-898": 498,
          "898-2996": 500
        }
      },
      "num_immunizations": {
        "quantiles": [
          0.5,
          0.75,
          0.9,
          0.95,
          0.99,
          1.0
        ],
        "bin_edges": [
          0.0,
          13.0,
          16.0,
          21.0,
          32.0,
          36.0,
          38.0
        ],
        "bin_counts": {
          "0-13": 53171,
          "13-16": 25151,
          "16-21": 11995,
          "21-32": 4900,
          "32-36": 4761,
          "36-38": 22
        }
      }
    },
    "Bi": {
      "encounter_count": {
        "quantiles": [
          0.5,
          0.75,
          0.9,
          0.95,
          0.99,
          0.995,
          1.0
        ],
        "bin_edges": [
          6.0,
          36.0,
          57.0,
          90.0,
          164.0,
          547.0200000000004,
          612.0099999999984,
          859.0
        ],
        "bin_counts": {
          "6-36": 5110,
          "36-57": 2468,
          "57-90": 1427,
          "90-164": 496,
          "164-547": 399,
          "547-612": 50,
          "612-859": 50
        }
      },
      "num_procedures": {
        "quantiles": [
          0.5,
          0.75,
          0.9,
          0.95,
          0.99,
          0.995,
          1.0
        ],
        "bin_edges": [
          2.0,
          115.0,
          171.0,
          272.0,
          578.1499999999978,
          1234.0,
          1410.0549999999912,
          1932.0
        ],
        "bin_counts": {
          "2-115": 5044,
          "115-171": 2468,
          "171-272": 1491,
          "272-578": 497,
          "578-1234": 401,
          "1234-1410": 49,
          "1410-1932": 50
        }
      },
      "num_medications": {
        "quantiles": [
          0.5,
          0.75,
          0.9,
          0.95,
          0.99,
          0.995,
          1.0
        ],
        "bin_edges": [
          0.0,
          12.0,
          34.0,
          79.0,
          261.0,
          755.0300000000007,
          906.024999999996,
          2677.0
        ],
        "bin_counts": {
          "0-12": 5124,
          "12-34": 2382,
          "34-79": 1500,
          "79-261": 496,
          "261-755": 398,
          "755-906": 50,
          "906-2677": 50
        }
      },
      "num_immunizations": {
        "quantiles": [
          0.5,
          0.75,
          0.9,
          0.95,
          0.99,
          1.0
        ],
        "bin_edges": [
          0.0,
          13.0,
          16.0,
          21.0,
          32.0,
          36.0,
          37.0
        ],
        "bin_counts": {
          "0-13": 5426,
          "13-16": 2399,
          "16-21": 1219,
          "21-32": 489,
          "32-36": 465,
          "36-37": 2
        }
      }
    }
  },
  "notes": "bin_edges は匿名化時の事前ビニング候補を示す。最終的な桁丸めやノイズ幅に応じて調整してください。"
}