{
  "stats_diff_max_abs": 0.16185934016176462,
  "lr_asthma_max_abs": 0.9842062503471831,
  "kw_ind_max_abs": 0.06277953458210583,
  "ci_utility": 52.585910694943635
}